{
    "name": "inventory-connector",
    "config": {
        "connector.class": "io.debezium.connector.mysql.MySqlConnector",
        "tasks.max": "1",
        "database.hostname": "localhost",
        "database.port": "3000",
        "database.user": "debezium",
        "database.password": "dbz",
        "database.server.id": "184054",
        "database.server.name": "dbserver2",
        "database.whitelist": "inventory",
        "database.history.kafka.bootstrap.servers": "localhost:9092",
        "database.history.kafka.topic": "schema-changes.inventory"
        }
    }